Classification,VendorCount,BrandCount,PurchaseCost,Revenue,GrossProfit,AdjustedProfit,InventoryAtRisk,GrossMarginPct
1,85,3326,216964832.5,290165010.18,73200177.67999999,72096807.53906639,9321264.83,25.227086351518135
2,90,8089,104935933.03,161897941.84,56962008.81,56424904.26093361,6279462.19,35.18389929026661
